{
  "leftEye": {
    "ellipseMinorAxis": 0.24494899809360505,
    "ellipseMajorAxis": 0.3099985122680664,
    "screenForward": {
      "x": 0.45695191621780398,
      "y": -0.3496513366699219,
      "z": 0.8178868293762207
    },
    "screenPosition": {
      "x": -0.07236946374177933,
      "y": -0.0011293133720755578,
      "z": 0.020335840061306955
    },
    "eyePosition": {
      "x": -0.03200000151991844,
      "y": 0.10476525872945786,
      "z": 0.048727694898843768
    },
    "eyeRotation": {
      "x": 0.0,
      "y": 8.881784197001253e-16,
      "z": 5.662137425588298e-15,
      "w": 1.0
    },
    "cameraProjection": {
      "x": -0.699999988079071,
      "y": 0.699999988079071,
      "z": 0.30000001192092898,
      "w": -1.399999976158142
    },
    "sphereToWorldSpace": {
      "e00": 0.05101074278354645,
      "e01": 0.060713399201631549,
      "e02": 0.29330453276634219,
      "e03": -0.11615147441625595,
      "e10": 1.8250122524321455e-9,
      "e11": 0.23695313930511475,
      "e12": -0.0785590261220932,
      "e13": 0.031190810725092889,
      "e20": -0.23957863450050355,
      "e21": 0.012927014380693436,
      "e22": 0.06244999170303345,
      "e23": -0.055229514837265018,
      "e30": 0.0,
      "e31": 0.0,
      "e32": 0.0,
      "e33": 1.0
    },
    "worldToScreenSpace": {
      "e00": 3.1126482486724855,
      "e01": 14.183692932128907,
      "e02": 4.32457971572876,
      "e03": 0.15333455801010133,
      "e10": -14.569718360900879,
      "e11": 0.6329660415649414,
      "e12": 8.41067123413086,
      "e13": -1.2247259616851807,
      "e20": 0.4569520652294159,
      "e21": -0.3496514558792114,
      "e22": 0.8178871273994446,
      "e23": 0.016042089089751245,
      "e30": 0.0,
      "e31": 0.0,
      "e32": 0.0,
      "e33": 1.0
    }
  },
  "rightEye": {
    "ellipseMinorAxis": 0.24494899809360505,
    "ellipseMajorAxis": 0.3099985122680664,
    "screenForward": {
      "x": -0.4569512605667114,
      "y": -0.34965193271636965,
      "z": 0.817887008190155
    },
    "screenPosition": {
      "x": 0.07236946374177933,
      "y": -0.0011292928829789162,
      "z": 0.020335854962468149
    },
    "eyePosition": {
      "x": 0.03200000151991844,
      "y": 0.10476525872945786,
      "z": 0.048727694898843768
    },
    "eyeRotation": {
      "x": 0.0,
      "y": 8.881784197001253e-16,
      "z": 5.662137425588298e-15,
      "w": 1.0
    },
    "cameraProjection": {
      "x": -0.699999988079071,
      "y": 0.699999988079071,
      "z": 0.30000001192092898,
      "w": -1.399999976158142
    },
    "sphereToWorldSpace": {
      "e00": 0.051010772585868838,
      "e01": -0.06071339547634125,
      "e02": -0.29330453276634219,
      "e03": 0.11615147441625595,
      "e10": 3.650024504864291e-9,
      "e11": 0.23695313930511475,
      "e12": -0.0785590261220932,
      "e13": 0.03119080699980259,
      "e20": 0.23957861959934236,
      "e21": 0.012927016243338585,
      "e22": 0.06245002895593643,
      "e23": -0.05522953346371651,
      "e30": 0.0,
      "e31": 0.0,
      "e32": 0.0,
      "e33": 1.0
    },
    "worldToScreenSpace": {
      "e00": -3.1126692295074465,
      "e01": 14.183699607849121,
      "e02": 4.324582099914551,
      "e03": 0.15333569049835206,
      "e10": -14.56974983215332,
      "e11": -0.6329893469810486,
      "e12": -8.410684585571289,
      "e13": 1.2247285842895508,
      "e20": -0.45695164799690249,
      "e21": -0.3496522307395935,
      "e22": 0.8178876638412476,
      "e23": 0.016042040660977365,
      "e30": 0.0,
      "e31": 0.0,
      "e32": 0.0,
      "e33": 1.0
    }
  },
  "leapTracker": {
    "name": "Leap Provider",
    "serial": "",
    "localPose": {
      "position": {
        "x": 0.0,
        "y": 0.042332619428634647,
        "z": 0.06944616138935089
      },
      "rotation": {
        "x": -0.08715568482875824,
        "y": -3.995020314562225e-9,
        "z": -4.003000242391863e-7,
        "w": -0.9961947202682495
      }
    }
  }
}